# From climod.unl.edu High Plains RCC CLIMOD, Lincoln Airport
Date, MaxTemperature, MinTemperature, Precipitation, Snowfall, SnowDepth
2017-01-01, 41, 18, 0.00, 0.0, 0
2017-01-02, 38, 30, 0.00, 0.0, 0
2017-01-03, 30, 10, 0.00, 0.0, 0
2017-01-04, 14, 7, 0.11, 2.0, 0
2017-01-05, 12, -5, T, T, 1
2017-01-06, 14, -9, 0.00, 0.0, 1
2017-01-07, 20, 0, 0.00, 0.0, 1
2017-01-08, 34, -1, 0.00, 0.0, T
2017-01-09, 35, 16, 0.00, 0.0, T
2017-01-10, 37, 22, 0.03, 0.0, 0
2017-01-11, 34, 13, 0.00, 0.0, 0
2017-01-12, 23, 10, 0.00, 0.0, 0
2017-01-13, 25, 14, 0.00, 0.0, 0
2017-01-14, 39, 17, 0.00, 0.0, 0
2017-01-15, 32, 29, 0.21, T, 0
2017-01-16, 33, 32, 0.60, 0.0, 0
2017-01-17, 38, 23, 0.00, 0.0, 0
2017-01-18, 51, 24, 0.00, 0.0, 0
2017-01-19, 44, 31, 0.00, 0.0, 0
2017-01-20, 46, 37, 0.05, 0.0, 0
2017-01-21, 53, 28, 0.00, 0.0, 0
2017-01-22, 41, 23, 0.00, 0.0, 0
2017-01-23, 40, 21, 0.00, 0.0, 0
2017-01-24, 36, 30, 0.03, 0.5, 0
2017-01-25, 33, 23, 0.07, 0.7, 1
2017-01-26, 32, 23, T, T, 1
2017-01-27, 40, 14, 0.00, 0.0, T
2017-01-28, 42, 30, 0.00, 0.0, T
2017-01-29, 48, 26, 0.00, 0.0, 0
2017-01-30, 61, 26, 0.00, 0.0, 0
2017-01-31, 46, 33, 0.00, 0.0, 0
2017-02-01, 34, 19, 0.00, 0.0, 0
2017-02-02, 28, 18, 0.00, 0.0, 0
2017-02-03, 33, 19, T, T, 0
2017-02-04, 53, 21, 0.00, 0.0, 0
2017-02-05, 41, 20, 0.00, 0.0, 0
2017-02-06, 49, 21, 0.00, 0.0, 0
2017-02-07, 43, 22, 0.00, 0.0, 0
2017-02-08, 22, 12, 0.01, 0.2, T
2017-02-09, 37, 11, 0.00, 0.0, T
2017-02-10, 71, 28, 0.00, 0.0, 0
2017-02-11, 61, 32, 0.00, 0.0, 0
2017-02-12, 51, 22, 0.00, 0.0, 0
2017-02-13, 53, 20, 0.00, 0.0, 0
2017-02-14, 54, 23, 0.00, 0.0, 0
2017-02-15, 56, 25, 0.00, 0.0, 0
2017-02-16, 72, 35, 0.00, 0.0, 0
2017-02-17, 74, 34, 0.00, 0.0, 0
2017-02-18, 68, 27, 0.00, 0.0, 0
2017-02-19, 73, 35, 0.00, 0.0, 0
2017-02-20, 67, 34, 0.01, 0.0, 0
2017-02-21, 76, 26, 0.00, 0.0, 0
2017-02-22, 76, 36, 0.00, 0.0, 0
2017-02-23, 47, 33, 0.44, 0.5, 0
2017-02-24, 33, 25, 0.09, 1.3, 1
2017-02-25, 36, 11, 0.00, 0.0, 2
2017-02-26, 47, 22, 0.00, 0.0, 1
2017-02-27, 58, 16, 0.00, 0.0, 0
2017-02-28, 48, 35, T, 0.0, 0
2017-03-01, 47, 23, 0.00, 0.0, 0
2017-03-02, 48, 18, 0.00, 0.0, 0
2017-03-03, 57, 17, 0.00, 0.0, 0
2017-03-04, 74, 21, 0.00, 0.0, 0
2017-03-05, 71, 52, 0.00, 0.0, 0
2017-03-06, 79, 40, 0.01, 0.0, 0
2017-03-07, 57, 34, 0.00, 0.0, 0
2017-03-08, 61, 28, 0.00, 0.0, 0
2017-03-09, 54, 26, 0.00, 0.0, 0
2017-03-10, 29, 16, 0.00, 0.0, 0
2017-03-11, 34, 24, 0.00, 0.0, 0
2017-03-12, 43, 27, T, 0.0, 0
2017-03-13, 33, 21, T, T, 0
2017-03-14, 30, 17, 0.05, 0.6, T
2017-03-15, 46, 20, 0.00, 0.0, 0
2017-03-16, 70, 30, 0.00, 0.0, 0
2017-03-17, 70, 36, 0.00, 0.0, 0
2017-03-18, 62, 28, 0.00, 0.0, 0
2017-03-19, 87, 44, 0.00, 0.0, 0
2017-03-20, 70, 44, 0.00, 0.0, 0
2017-03-21, 50, 34, 0.01, 0.0, 0
2017-03-22, 54, 34, T, T, 0
2017-03-23, 77, 48, T, 0.0, 0
2017-03-24, 69, 42, 0.15, 0.0, 0
2017-03-25, 43, 40, 0.29, 0.0, 0
2017-03-26, 49, 40, 0.00, 0.0, 0
2017-03-27, 57, 34, T, 0.0, 0
2017-03-28, 52, 29, 0.05, 0.0, 0
2017-03-29, 46, 42, 1.01, 0.0, 0
2017-03-30, 45, 40, 0.05, 0.0, 0
2017-03-31, 55, 41, 0.00, 0.0, 0
2017-04-01, 48, 38, 0.07, 0.0, 0
2017-04-02, 54, 43, 0.03, 0.0, 0
2017-04-03, 67, 47, T, 0.0, 0
2017-04-04, 60, 45, T, 0.0, 0
2017-04-05, 63, 38, 0.04, 0.0, 0
2017-04-06, 60, 31, 0.00, 0.0, 0
2017-04-07, 68, 25, 0.00, 0.0, 0
2017-04-08, 79, 44, 0.00, 0.0, 0
2017-04-09, 81, 52, T, 0.0, 0
2017-04-10, 56, 36, T, 0.0, 0
2017-04-11, 67, 26, 0.00, 0.0, 0
2017-04-12, 72, 44, 0.03, 0.0, 0
2017-04-13, 77, 45, 0.00, 0.0, 0
2017-04-14, 75, 58, 0.39, 0.0, 0
2017-04-15, 81, 59, 0.02, 0.0, 0
2017-04-16, 71, 44, 0.00, 0.0, 0
2017-04-17, 75, 41, 0.00, 0.0, 0
2017-04-18, 74, 58, 0.09, 0.0, 0
2017-04-19, 83, 50, 0.94, 0.0, 0
2017-04-20, 67, 45, 0.01, 0.0, 0
2017-04-21, 57, 43, 0.00, 0.0, 0
2017-04-22, 67, 39, 0.00, 0.0, 0
2017-04-23, 73, 32, 0.00, 0.0, 0
2017-04-24, 76, 46, 0.00, 0.0, 0
2017-04-25, 55, 40, 0.02, 0.0, 0
2017-04-26, 46, 37, 0.00, 0.0, 0
2017-04-27, 59, 32, 0.00, 0.0, 0
2017-04-28, 51, 40, 0.47, 0.0, 0
2017-04-29, 46, 40, 0.25, 0.0, 0
2017-04-30, 43, 38, 1.19, 0.0, 0
2017-05-01, 62, 36, 0.03, T, 0
2017-05-02, 68, 45, 0.00, 0.0, 0
2017-05-03, 66, 44, 0.17, 0.0, 0
2017-05-04, 72, 40, 0.00, 0.0, 0
2017-05-05, 79, 40, 0.00, 0.0, 0
2017-05-06, 82, 54, 0.00, 0.0, 0
2017-05-07, 87, 53, 0.00, 0.0, 0
2017-05-08, 93, 65, 0.00, 0.0, 0
2017-05-09, 83, 57, 0.00, 0.0, 0
2017-05-10, 66, 53, 0.38, 0.0, 0
2017-05-11, 72, 47, 0.00, 0.0, 0
2017-05-12, 76, 41, 0.00, 0.0, 0
2017-05-13, 80, 47, 0.00, 0.0, 0
2017-05-14, 89, 59, 0.01, 0.0, 0
2017-05-15, 91, 59, T, 0.0, 0
2017-05-16, 91, 60, 1.69, 0.0, 0
2017-05-17, 75, 56, 0.61, 0.0, 0
2017-05-18, 67, 53, 0.43, 0.0, 0
2017-05-19, 56, 49, 1.25, 0.0, 0
2017-05-20, 55, 45, 1.13, 0.0, 0
2017-05-21, 70, 42, 0.00, 0.0, 0
2017-05-22, 74, 47, 0.17, 0.0, 0
2017-05-23, 61, 50, T, 0.0, 0
2017-05-24, 70, 47, 0.00, 0.0, 0
2017-05-25, 79, 46, T, 0.0, 0
2017-05-26, 82, 59, 0.00, 0.0, 0
2017-05-27, 77, 56, 0.42, 0.0, 0
2017-05-28, 85, 52, 0.00, 0.0, 0
2017-05-29, 78, 49, 0.00, 0.0, 0
2017-05-30, 82, 47, 0.00, 0.0, 0
2017-05-31, 81, 46, T, 0.0, 0
2017-06-01, 84, 54, 0.00, 0.0, 0
2017-06-02, 89, 63, 0.00, 0.0, 0
2017-06-03, 88, 61, 0.00, 0.0, 0
2017-06-04, 92, 63, T, 0.0, 0
2017-06-05, 95, 63, 0.00, 0.0, 0
2017-06-06, 86, 65, 0.00, 0.0, 0
2017-06-07, 85, 57, 0.00, 0.0, 0
2017-06-08, 89, 60, 0.00, 0.0, 0
2017-06-09, 91, 62, 0.00, 0.0, 0
2017-06-10, 93, 70, 0.00, 0.0, 0
2017-06-11, 98, 74, 0.00, 0.0, 0
2017-06-12, 89, 66, 3.72, T, 0
2017-06-13, 93, 71, 0.00, 0.0, 0
2017-06-14, 88, 63, 0.30, 0.0, 0
2017-06-15, 95, 61, 0.00, 0.0, 0
2017-06-16, 92, 68, 0.74, 0.0, 0
2017-06-17, 82, 63, T, 0.0, 0
2017-06-18, 83, 61, T, 0.0, 0
2017-06-19, 88, 62, 0.00, 0.0, 0
2017-06-20, 95, 58, 0.00, 0.0, 0
2017-06-21, 96, 70, 0.00, 0.0, 0
2017-06-22, 92, 70, T, 0.0, 0
2017-06-23, 78, 53, T, 0.0, 0
2017-06-24, 81, 47, 0.00, 0.0, 0
2017-06-25, 79, 49, 0.00, 0.0, 0
2017-06-26, 77, 57, 0.17, 0.0, 0
2017-06-27, 84, 51, T, 0.0, 0
2017-06-28, 91, 64, 1.99, 0.0, 0
2017-06-29, 86, 66, 0.43, 0.0, 0
2017-06-30, 80, 63, 0.00, 0.0, 0
2017-07-01, 87, 57, 0.00, 0.0, 0
2017-07-02, 84, 65, 0.82, 0.0, 0
2017-07-03, 89, 68, T, 0.0, 0
2017-07-04, 87, 66, T, 0.0, 0
2017-07-05, 89, 61, 0.00, 0.0, 0
2017-07-06, 95, 69, 0.00, 0.0, 0
2017-07-07, 82, 63, 0.00, 0.0, 0
2017-07-08, 88, 60, 0.00, 0.0, 0
2017-07-09, 95, 68, 0.00, 0.0, 0
2017-07-10, 93, 77, 0.00, 0.0, 0
2017-07-11, 97, 73, 0.00, 0.0, 0
2017-07-12, 89, 70, 1.32, 0.0, 0
2017-07-13, 84, 69, 0.87, 0.0, 0
2017-07-14, 88, 65, 0.00, 0.0, 0
2017-07-15, 91, 70, 0.00, 0.0, 0
2017-07-16, 95, 69, 0.00, 0.0, 0
2017-07-17, 93, 71, 0.00, 0.0, 0
2017-07-18, 91, 72, 0.15, 0.0, 0
2017-07-19, 96, 75, 0.00, 0.0, 0
2017-07-20, 96, 74, 0.00, 0.0, 0
2017-07-21, 100, 79, 0.00, 0.0, 0
2017-07-22, 93, 72, T, 0.0, 0
2017-07-23, 91, 65, 0.00, 0.0, 0
2017-07-24, 89, 62, 0.00, 0.0, 0
2017-07-25, 97, 71, 0.00, 0.0, 0
2017-07-26, 83, 72, 2.83, 0.0, 0
2017-07-27, 84, 66, 0.00, 0.0, 0
2017-07-28, 84, 63, 0.00, 0.0, 0
2017-07-29, 83, 64, 0.00, 0.0, 0
2017-07-30, 81, 68, 0.00, 0.0, 0
2017-07-31, 82, 63, 0.00, 0.0, 0
2017-08-01, 87, 65, 0.00, 0.0, 0
2017-08-02, 88, 64, 0.00, 0.0, 0
2017-08-03, 77, 56, T, 0.0, 0
2017-08-04, 79, 50, 0.00, 0.0, 0
2017-08-05, 69, 60, 0.26, 0.0, 0
2017-08-06, 75, 62, 0.00, 0.0, 0
2017-08-07, 81, 59, 0.00, 0.0, 0
2017-08-08, 83, 56, 0.00, 0.0, 0
2017-08-09, 77, 61, T, 0.0, 0
2017-08-10, 82, 59, 0.00, 0.0, 0
2017-08-11, 81, 57, 0.01, 0.0, 0
2017-08-12, 83, 55, 0.00, 0.0, 0
2017-08-13, 83, 65, 0.07, 0.0, 0
2017-08-14, 87, 66, 0.60, 0.0, 0
2017-08-15, 89, 68, 0.01, 0.0, 0
2017-08-16, 83, 66, 0.41, 0.0, 0
2017-08-17, 85, 62, 0.00, 0.0, 0
2017-08-18, 87, 64, T, 0.0, 0
2017-08-19, 88, 58, 0.11, 0.0, 0
2017-08-20, 87, 65, 1.82, 0.0, 0
2017-08-21, 85, 67, T, 0.0, 0
2017-08-22, 78, 56, 0.00, 0.0, 0
2017-08-23, 80, 53, 0.00, 0.0, 0
2017-08-24, 82, 58, 0.00, 0.0, 0
2017-08-25, 84, 65, 0.01, 0.0, 0
2017-08-26, 88, 66, T, 0.0, 0
2017-08-27, 84, 63, 0.08, 0.0, 0
2017-08-28, 79, 56, 0.00, 0.0, 0
2017-08-29, 80, 54, 0.00, 0.0, 0
2017-08-30, 83, 52, 0.00, 0.0, 0
2017-08-31, 85, 57, 0.00, 0.0, 0
2017-09-01, 80, 61, 0.01, 0.0, 0
2017-09-02, 86, 63, 0.00, 0.0, 0
2017-09-03, 91, 61, 0.00, 0.0, 0
2017-09-04, 79, 62, 0.00, 0.0, 0
2017-09-05, 72, 48, 0.00, 0.0, 0
2017-09-06, 72, 43, 0.00, 0.0, 0
2017-09-07, 83, 45, 0.00, 0.0, 0
2017-09-08, 89, 51, 0.00, 0.0, 0
2017-09-09, 84, 59, 0.00, 0.0, 0
2017-09-10, 85, 65, T, 0.0, 0
2017-09-11, 86, 59, 0.00, 0.0, 0
2017-09-12, 86, 55, 0.00, 0.0, 0
2017-09-13, 90, 55, 0.00, 0.0, 0
2017-09-14, 95, 64, 0.00, 0.0, 0
2017-09-15, 92, 67, 0.01, 0.0, 0
2017-09-16, 75, 58, 0.17, 0.0, 0
2017-09-17, 73, 46, T, 0.0, 0
2017-09-18, 76, 63, 0.27, 0.0, 0
2017-09-19, 92, 66, 0.00, 0.0, 0
2017-09-20, 82, 60, 0.00, 0.0, 0
2017-09-21, 95, 59, 0.00, 0.0, 0
2017-09-22, 97, 75, 0.00, 0.0, 0
2017-09-23, 93, 70, 0.00, 0.0, 0
2017-09-24, 88, 63, 0.59, 0.0, 0
2017-09-25, 64, 57, 0.79, 0.0, 0
2017-09-26, 66, 52, T, 0.0, 0
2017-09-27, 74, 46, 0.00, 0.0, 0
2017-09-28, 80, 48, 0.00, 0.0, 0
2017-09-29, 81, 51, 0.00, 0.0, 0
2017-09-30, 79, 62, 0.01, 0.0, 0
2017-10-01, 81, 60, 0.19, 0.0, 0
2017-10-02, 84, 63, 1.01, 0.0, 0
2017-10-03, 77, 59, 0.07, 0.0, 0
2017-10-04, 71, 53, T, 0.0, 0
2017-10-05, 66, 58, 1.34, 0.0, 0
2017-10-06, 73, 57, 1.18, 0.0, 0
2017-10-07, 75, 51, 0.10, 0.0, 0
2017-10-08, 79, 49, 0.00, 0.0, 0
2017-10-09, 58, 41, 0.29, 0.0, 0
2017-10-10, 53, 35, 0.41, 0.0, 0
2017-10-11, 65, 30, 0.00, 0.0, 0
2017-10-12, 72, 45, 0.00, 0.0, 0
2017-10-13, 60, 54, 0.00, 0.0, 0
2017-10-14, 60, 50, 0.30, 0.0, 0
2017-10-15, 63, 37, 0.00, 0.0, 0
2017-10-16, 75, 35, 0.00, 0.0, 0
2017-10-17, 73, 43, 0.00, 0.0, 0
2017-10-18, 80, 46, 0.00, 0.0, 0
2017-10-19, 80, 41, 0.00, 0.0, 0
2017-10-20, 78, 55, 0.00, 0.0, 0
2017-10-21, 76, 49, 0.00, 0.0, 0
2017-10-22, 71, 40, 0.00, 0.0, 0
2017-10-23, 67, 46, T, 0.0, 0
2017-10-24, 58, 41, 0.00, 0.0, 0
2017-10-25, 76, 37, 0.00, 0.0, 0
2017-10-26, 64, 38, 0.00, 0.0, 0
2017-10-27, 41, 29, T, 0.0, 0
2017-10-28, 53, 22, 0.00, 0.0, 0
2017-10-29, 73, 29, 0.00, 0.0, 0
2017-10-30, 50, 36, T, T, 0
2017-10-31, 36, 26, 0.01, T, 0
2017-11-01, 51, 31, 0.00, 0.0, 0
2017-11-02, 56, 30, 0.00, 0.0, 0
2017-11-03, 49, 26, 0.00, 0.0, 0
2017-11-04, 54, 44, 0.00, 0.0, 0
2017-11-05, 50, 32, 0.00, 0.0, 0
2017-11-06, 47, 23, 0.00, 0.0, 0
2017-11-07, 45, 22, 0.00, 0.0, 0
2017-11-08, 53, 19, 0.00, 0.0, 0
2017-11-09, 41, 24, 0.00, 0.0, 0
2017-11-10, 36, 21, 0.00, 0.0, 0
2017-11-11, 46, 36, 0.01, 0.0, 0
2017-11-12, 54, 25, 0.00, 0.0, 0
2017-11-13, 46, 22, 0.00, 0.0, 0
2017-11-14, 54, 46, 0.00, 0.0, 0
2017-11-15, 56, 24, 0.00, 0.0, 0
2017-11-16, 55, 20, 0.00, 0.0, 0
2017-11-17, 66, 45, T, 0.0, 0
2017-11-18, 52, 24, 0.06, 0.0, 0
2017-11-19, 57, 21, 0.00, 0.0, 0
2017-11-20, 61, 32, 0.00, 0.0, 0
2017-11-21, 45, 16, T, 0.0, 0
2017-11-22, 43, 12, 0.00, 0.0, 0
2017-11-23, 71, 29, 0.00, 0.0, 0
2017-11-24, 75, 40, 0.00, 0.0, 0
2017-11-25, 61, 26, 0.00, 0.0, 0
2017-11-26, 67, 30, 0.00, 0.0, 0
2017-11-27, 72, 35, 0.00, 0.0, 0
2017-11-28, 60, 30, 0.00, 0.0, 0
2017-11-29, 52, 16, 0.00, 0.0, 0
2017-11-30, 57, 29, 0.00, 0.0, 0
2017-12-01, 60, 25, 0.00, 0.0, 0
2017-12-02, 58, 21, 0.00, 0.0, 0
2017-12-03, 63, 26, 0.00, 0.0, 0
2017-12-04, 63, 28, 0.00, 0.0, 0
2017-12-05, 46, 24, 0.00, 0.0, 0
2017-12-06, 45, 19, T, T, 0
2017-12-07, 29, 13, 0.00, 0.0, 0
2017-12-08, 36, 18, 0.00, 0.0, 0
2017-12-09, 42, 25, 0.00, 0.0, 0
2017-12-10, 59, 26, 0.00, 0.0, 0
2017-12-11, 52, 27, T, 0.0, 0
2017-12-12, 48, 15, 0.00, 0.0, 0
2017-12-13, 54, 30, 0.00, 0.0, 0
2017-12-14, 43, 35, T, 0.0, 0
2017-12-15, 49, 27, 0.00, 0.0, 0
2017-12-16, 56, 25, 0.00, 0.0, 0
2017-12-17, 43, 25, 0.12, 0.1, 0
2017-12-18, 56, 24, 0.00, 0.0, 0
2017-12-19, 50, 26, 0.00, 0.0, 0
2017-12-20, 46, 19, 0.00, 0.0, 0
2017-12-21, 43, 22, 0.03, 0.2, 0
2017-12-22, 33, 16, 0.00, 0.0, T
2017-12-23, 23, 16, 0.10, 1.5, 0
2017-12-24, 20, 6, 0.12, 2.1, 3
2017-12-25, 17, 5, 0.01, 0.4, 3
2017-12-26, 9, -12, T, T, 3
2017-12-27, 10, -17, T, T, 3
2017-12-28, 24, 10, 0.00, 0.0, 3
2017-12-29, 20, 8, T, T, 3
2017-12-30, 9, 0, T, T, 3
2017-12-31, 0, -11, 0.00, 0.0, 3
2018-01-01, 4, -19, 0.00, 0.0, 3
2018-01-02, 24, -11, 0.00, 0.0, 3
2018-01-03, 26, 1, T, T, 2
2018-01-04, 21, -2, 0.00, 0.0, 2
2018-01-05, 20, 5, 0.00, 0.0, 2
2018-01-06, 21, 5, 0.00, 0.0, 2
2018-01-07, 40, 20, 0.00, 0.0, 2
2018-01-08, 50, 15, 0.00, 0.0, 2
2018-01-09, 52, 28, 0.00, 0.0, T
2018-01-10, 56, 32, T, 0.0, 0
2018-01-11, 37, 7, 0.06, 0.4, T
2018-01-12, 13, 0, 0.00, 0.0, T
2018-01-13, 16, 9, 0.02, 0.4, T
2018-01-14, 35, 14, 0.04, 0.8, 1
2018-01-15, 23, 0, T, T, 1
2018-01-16, 17, -2, 0.00, 0.0, 1
2018-01-17, 30, -1, 0.00, 0.0, 1
2018-01-18, 42, 13, 0.00, 0.0, 1
2018-01-19, 52, 25, 0.00, 0.0, 0
2018-01-20, 51, 19, 0.00, 0.0, 0
2018-01-21, 41, 37, 0.02, 0.0, 0
2018-01-22, 37, 26, 0.27, 1.8, T
2018-01-23, 31, 20, T, T, 2
2018-01-24, 44, 11, 0.00, 0.0, 2
2018-01-25, 52, 18, 0.00, 0.0, 2
2018-01-26, 54, 35, 0.00, 0.0, T
2018-01-27, 48, 21, 0.00, 0.0, 0
2018-01-28, 31, 13, T, T, 0
2018-01-29, 31, 9, T, T, 0
2018-01-30, 50, 18, 0.00, 0.0, 0
2018-01-31, 49, 27, 0.00, 0.0, 0
2018-02-01, 35, 8, 0.00, 0.0, 0
2018-02-02, 37, 4, 0.00, 0.0, 0
2018-02-03, 53, 25, 0.00, 0.0, 0
2018-02-04, 25, -1, 0.03, 0.5, 0
2018-02-05, 20, 0, 0.09, 1.6, T
2018-02-06, 12, -4, 0.15, 2.0, 2
2018-02-07, 20, -6, T, T, 3
2018-02-08, 29, 15, 0.00, 0.0, 3
2018-02-09, 22, 8, 0.10, 2.4, 3
2018-02-10, 11, 2, 0.09, 1.2, 5
2018-02-11, 24, 0, T, T, 5
2018-02-12, 21, -3, 0.00, 0.0, 5
2018-02-13, 42, 19, 0.00, 0.0, 5
2018-02-14, 47, 21, 0.00, 0.0, 3
2018-02-15, 46, 23, 0.00, 0.0, T
2018-02-16, 34, 12, 0.00, 0.0, 0
2018-02-17, 50, 23, 0.00, 0.0, 0
2018-02-18, 58, 25, T, T, 0
2018-02-19, 34, 20, 0.03, 0.1, 0
2018-02-20, 22, 9, T, T, T
2018-02-21, 27, 4, 0.01, 0.1, T
2018-02-22, 31, 22, 0.14, 1.9, 2
2018-02-23, 34, 16, 0.00, 0.0, 1
2018-02-24, 32, 22, 0.10, 0.2, 1
2018-02-25, 49, 19, 0.00, 0.0, 1
2018-02-26, 59, 20, 0.00, 0.0, T
2018-02-27, 65, 26, 0.00, 0.0, 0
2018-02-28, 48, 25, 0.00, 0.0, 0
2018-03-01, 51, 21, 0.00, 0.0, 0
2018-03-02, 61, 21, 0.00, 0.0, 0
2018-03-03, 73, 42, 0.00, 0.0, 0
2018-03-04, 70, 47, 0.00, 0.0, 0
2018-03-05, 54, 34, 0.04, T, 0
2018-03-06, 36, 27, 0.05, 0.6, T
2018-03-07, 38, 19, 0.00, 0.0, 1
2018-03-08, 46, 12, 0.00, 0.0, 0
2018-03-09, 53, 28, 0.00, 0.0, 0
2018-03-10, 54, 28, 0.00, 0.0, 0
2018-03-11, 38, 31, 0.01, 0.1, 0
2018-03-12, 52, 22, 0.00, 0.0, 0
2018-03-13, 50, 20, 0.00, 0.0, 0
2018-03-14, 69, 20, 0.00, 0.0, 0
2018-03-15, 68, 27, 0.00, 0.0, 0
2018-03-16, 49, 33, 0.40, 0.0, 0
2018-03-17, 41, 34, 0.00, 0.0, 0
2018-03-18, 43, 36, 0.46, 0.0, 0
2018-03-19, 45, 34, 0.35, 0.0, 0
2018-03-20, 42, 29, 0.14, T, 0
2018-03-21, 56, 22, 0.00, 0.0, 0
2018-03-22, 68, 42, 0.00, 0.0, 0
2018-03-23, 58, 43, 0.89, 0.0, 0
2018-03-24, 43, 34, 0.01, 0.0, 0
2018-03-25, 40, 32, 0.01, 0.0, 0
2018-03-26, 41, 38, 0.29, 0.0, 0
2018-03-27, 54, 33, 0.00, 0.0, 0
2018-03-28, 59, 30, 0.06, 0.0, 0
2018-03-29, 50, 33, 0.00, 0.0, 0
2018-03-30, 61, 25, 0.00, 0.0, 0
2018-03-31, 54, 26, T, T, 0
2018-04-01, 33, 19, 0.08, 0.8, T
2018-04-02, 33, 18, T, T, 1
2018-04-03, 39, 19, T, T, 0
2018-04-04, 48, 14, 0.00, 0.0, 0
2018-04-05, 65, 25, 0.00, 0.0, 0
2018-04-06, 40, 16, 0.01, 0.2, T
2018-04-07, 42, 10, 0.00, 0.0, T
2018-04-08, 48, 29, 0.00, 0.0, 0
2018-04-09, 40, 24, 0.00, 0.0, 0
2018-04-10, 68, 21, 0.00, 0.0, 0
2018-04-11, 77, 39, 0.00, 0.0, 0
2018-04-12, 73, 38, 0.00, 0.0, 0
2018-04-13, 82, 45, 0.00, 0.0, 0
2018-04-14, 49, 25, 0.43, 1.8, 0
2018-04-15, 33, 23, 0.01, 0.2, 2
2018-04-16, 51, 27, 0.00, 0.0, 2
2018-04-17, 60, 29, 0.00, 0.0, 0
2018-04-18, 47, 34, T, T, 0
2018-04-19, 60, 24, 0.00, 0.0, 0
2018-04-20, 63, 31, 0.00, 0.0, 0
2018-04-21, 53, 44, 0.01, 0.0, 0
2018-04-22, 68, 34, 0.00, 0.0, 0
2018-04-23, 75, 34, 0.00, 0.0, 0
2018-04-24, 73, 36, 0.07, 0.0, 0
2018-04-25, 59, 38, 0.06, 0.0, 0
2018-04-26, 71, 34, 0.00, 0.0, 0
2018-04-27, 81, 31, 0.00, 0.0, 0
2018-04-28, 68, 32, 0.00, 0.0, 0
2018-04-29, 77, 49, T, 0.0, 0
2018-04-30, 85, 61, 0.00, 0.0, 0
2018-05-01, 84, 65, T, 0.0, 0
2018-05-02, 68, 48, 0.22, 0.0, 0
2018-05-03, 67, 48, 0.05, 0.0, 0
2018-05-04, 82, 48, 0.00, 0.0, 0
2018-05-05, 87, 44, T, 0.0, 0
2018-05-06, 86, 48, 0.00, 0.0, 0
2018-05-07, 84, 43, 0.00, 0.0, 0
2018-05-08, 86, 65, 0.00, 0.0, 0
2018-05-09, 86, 57, 0.00, 0.0, 0
2018-05-10, 86, 55, 0.00, 0.0, 0
2018-05-11, 68, 49, 0.44, 0.0, 0
2018-05-12, 62, 51, 0.03, 0.0, 0
2018-05-13, 79, 53, 0.00, 0.0, 0
2018-05-14, 78, 59, 0.02, 0.0, 0
2018-05-15, 80, 55, 0.00, 0.0, 0
2018-05-16, 86, 52, 0.00, 0.0, 0
2018-05-17, 86, 53, 0.00, 0.0, 0
2018-05-18, 79, 56, T, 0.0, 0
2018-05-19, 65, 52, 0.31, 0.0, 0
2018-05-20, 58, 53, 0.26, 0.0, 0
2018-05-21, 78, 53, 0.00, 0.0, 0
2018-05-22, 88, 59, 0.06, 0.0, 0
2018-05-23, 91, 66, 0.00, 0.0, 0
2018-05-24, 90, 67, 0.00, 0.0, 0
2018-05-25, 97, 64, 0.00, 0.0, 0
2018-05-26, 100, 65, 0.00, 0.0, 0
2018-05-27, 97, 66, 0.00, 0.0, 0
2018-05-28, 95, 66, 0.00, 0.0, 0
2018-05-29, 87, 65, 0.83, 0.0, 0
2018-05-30, 87, 62, 0.01, 0.0, 0
2018-05-31, 92, 63, 0.00, 0.0, 0
2018-06-01, 93, 64, 0.77, 0.0, 0
2018-06-02, 81, 57, 0.48, 0.0, 0
2018-06-03, 83, 52, 0.00, 0.0, 0
2018-06-04, 78, 55, T, 0.0, 0
2018-06-05, 91, 60, 0.00, 0.0, 0
2018-06-06, 94, 70, 0.00, 0.0, 0
2018-06-07, 84, 68, 0.00, 0.0, 0
2018-06-08, 91, 63, 0.00, 0.0, 0
2018-06-09, 92, 65, 0.30, 0.0, 0
2018-06-10, 92, 73, T, 0.0, 0
2018-06-11, 94, 68, 0.02, 0.0, 0
2018-06-12, 86, 62, 0.00, 0.0, 0
2018-06-13, 83, 60, 0.00, 0.0, 0
2018-06-14, 99, 69, 0.00, 0.0, 0
2018-06-15, 101, 78, 0.00, 0.0, 0
2018-06-16, 99, 78, 0.00, 0.0, 0
2018-06-17, 94, 76, T, 0.0, 0
2018-06-18, 97, 73, 0.12, 0.0, 0
2018-06-19, 88, 67, 2.31, 0.0, 0
2018-06-20, 80, 63, 1.07, 0.0, 0
2018-06-21, 73, 61, 0.13, 0.0, 0
2018-06-22, 72, 60, T, 0.0, 0
2018-06-23, 88, 61, 0.01, 0.0, 0
2018-06-24, 89, 64, 0.01, 0.0, 0
2018-06-25, 79, 64, 2.34, 0.0, 0
2018-06-26, 85, 64, 0.00, 0.0, 0
2018-06-27, 90, 62, 0.00, 0.0, 0
2018-06-28, 93, 75, 0.00, 0.0, 0
2018-06-29, 99, 80, 0.00, 0.0, 0
2018-06-30, 90, 66, 1.27, 0.0, 0
2018-07-01, 82, 65, 0.22, 0.0, 0
2018-07-02, 89, 62, 0.00, 0.0, 0
2018-07-03, 96, 71, 0.00, 0.0, 0
2018-07-04, 94, 70, 0.11, 0.0, 0
2018-07-05, 85, 68, 0.24, 0.0, 0
2018-07-06, 87, 66, 0.00, 0.0, 0
2018-07-07, 91, 68, 0.00, 0.0, 0
2018-07-08, 90, 64, 0.00, 0.0, 0
2018-07-09, 94, 66, 0.00, 0.0, 0
2018-07-10, 95, 64, 0.00, 0.0, 0
2018-07-11, 96, 73, 0.00, 0.0, 0
2018-07-12, 97, 73, 0.00, 0.0, 0
2018-07-13, 88, 70, T, 0.0, 0
2018-07-14, 89, 64, 0.00, 0.0, 0
2018-07-15, 94, 64, 0.00, 0.0, 0
2018-07-16, 90, 70, 0.00, 0.0, 0
2018-07-17, 80, 68, 0.16, 0.0, 0
2018-07-18, 85, 66, 0.00, 0.0, 0
2018-07-19, 90, 70, 0.21, 0.0, 0
2018-07-20, 85, 64, T, 0.0, 0
2018-07-21, 87, 63, 0.00, 0.0, 0
2018-07-22, 87, 64, 0.00, 0.0, 0
2018-07-23, 89, 64, T, 0.0, 0
2018-07-24, 88, 58, 0.00, 0.0, 0
2018-07-25, 85, 59, T, 0.0, 0
2018-07-26, 86, 62, 0.00, 0.0, 0
2018-07-27, 84, 58, 0.30, 0.0, 0
2018-07-28, 79, 64, 0.07, 0.0, 0
2018-07-29, 81, 62, T, 0.0, 0
2018-07-30, 82, 60, 0.04, 0.0, 0
2018-07-31, 86, 57, 0.00, 0.0, 0
2018-08-01, 90, 57, 0.00, 0.0, 0
2018-08-02, 92, 63, 0.00, 0.0, 0
2018-08-03, 95, 67, 0.00, 0.0, 0
2018-08-04, 87, 69, 0.41, 0.0, 0
2018-08-05, 93, 70, 0.00, 0.0, 0
2018-08-06, 89, 69, 0.22, 0.0, 0
2018-08-07, 88, 66, 0.02, 0.0, 0
2018-08-08, 91, 64, 0.00, 0.0, 0
2018-08-09, 96, 63, 0.00, 0.0, 0
2018-08-10, 89, 64, 0.00, 0.0, 0
2018-08-11, 90, 62, 0.00, 0.0, 0
2018-08-12, 93, 61, 0.00, 0.0, 0
2018-08-13, 92, 68, 0.00, 0.0, 0
2018-08-14, 76, 68, 0.37, 0.0, 0
2018-08-15, 84, 68, 0.05, 0.0, 0
2018-08-16, 86, 65, 0.06, 0.0, 0
2018-08-17, 87, 62, 0.00, 0.0, 0
2018-08-18, 89, 64, 0.00, 0.0, 0
2018-08-19, 74, 67, 1.88, 0.0, 0
2018-08-20, 75, 65, 0.57, 0.0, 0
2018-08-21, 75, 59, 0.00, 0.0, 0
2018-08-22, 77, 55, 0.00, 0.0, 0
2018-08-23, 74, 61, 0.07, 0.0, 0
2018-08-24, 90, 68, 0.00, 0.0, 0
2018-08-25, 92, 61, 0.00, 0.0, 0
2018-08-26, 89, 74, 0.64, 0.0, 0
2018-08-27, 93, 74, 0.00, 0.0, 0
2018-08-28, 82, 56, 0.01, 0.0, 0
2018-08-29, 78, 50, 0.00, 0.0, 0
2018-08-30, 85, 63, 0.00, 0.0, 0
2018-08-31, 85, 67, 0.05, 0.0, 0
2018-09-01, 91, 68, 1.03, 0.0, 0
2018-09-02, 81, 68, 2.42, 0.0, 0
2018-09-03, 81, 71, 0.60, 0.0, 0
2018-09-04, 79, 71, 2.15, 0.0, 0
2018-09-05, 79, 66, 0.08, 0.0, 0
2018-09-06, 77, 61, 0.00, 0.0, 0
2018-09-07, 68, 63, 0.02, 0.0, 0
2018-09-08, 74, 60, 0.00, 0.0, 0
2018-09-09, 76, 52, 0.00, 0.0, 0
2018-09-10, 80, 55, 0.00, 0.0, 0
2018-09-11, 83, 57, 0.00, 0.0, 0
2018-09-12, 83, 59, 0.00, 0.0, 0
2018-09-13, 84, 66, 0.00, 0.0, 0
2018-09-14, 91, 68, 0.00, 0.0, 0
2018-09-15, 91, 66, 0.00, 0.0, 0
2018-09-16, 90, 65, 0.00, 0.0, 0
2018-09-17, 95, 66, 0.00, 0.0, 0
2018-09-18, 92, 68, T, 0.0, 0
2018-09-19, 95, 65, 0.00, 0.0, 0
2018-09-20, 96, 66, 0.64, 0.0, 0
2018-09-21, 67, 47, 0.00, 0.0, 0
2018-09-22, 73, 41, 0.00, 0.0, 0
2018-09-23, 81, 47, 0.00, 0.0, 0
2018-09-24, 79, 54, 0.00, 0.0, 0
2018-09-25, 67, 44, 0.07, 0.0, 0
2018-09-26, 71, 41, 0.00, 0.0, 0
2018-09-27, 79, 47, 0.00, 0.0, 0
2018-09-28, 57, 48, T, 0.0, 0
2018-09-29, 50, 45, 0.05, 0.0, 0
2018-09-30, 52, 49, 0.07, 0.0, 0
2018-10-01, 58, 50, 0.12, 0.0, 0
2018-10-02, 75, 51, 0.00, 0.0, 0
2018-10-03, 94, 48, 0.00, 0.0, 0
2018-10-04, 55, 38, 0.02, 0.0, 0
2018-10-05, 55, 47, 0.08, 0.0, 0
2018-10-06, 52, 44, T, 0.0, 0
2018-10-07, 52, 44, 0.24, 0.0, 0
2018-10-08, 58, 51, 0.44, 0.0, 0
2018-10-09, 53, 47, 0.82, 0.0, 0
2018-10-10, 48, 40, T, 0.0, 0
2018-10-11, 53, 34, 0.00, 0.0, 0
2018-10-12, 48, 35, 0.21, 0.0, 0
2018-10-13, 66, 33, T, 0.0, 0
2018-10-14, 50, 32, 0.45, 3.5, 0
2018-10-15, 46, 29, 0.00, 0.0, 2
2018-10-16, 71, 29, 0.00, 0.0, 0
2018-10-17, 69, 34, 0.00, 0.0, 0
2018-10-18, 71, 38, T, 0.0, 0
2018-10-19, 76, 43, 0.01, 0.0, 0
2018-10-20, 61, 30, 0.00, 0.0, 0
2018-10-21, 73, 27, 0.00, 0.0, 0
2018-10-22, 70, 37, 0.00, 0.0, 0
2018-10-23, 63, 32, 0.00, 0.0, 0
2018-10-24, 60, 33, 0.00, 0.0, 0
2018-10-25, 53, 46, 0.32, 0.0, 0
2018-10-26, 67, 41, 0.00, 0.0, 0
2018-10-27, 74, 35, T, 0.0, 0
2018-10-28, 67, 42, 0.00, 0.0, 0
2018-10-29, 70, 35, 0.00, 0.0, 0
2018-10-30, 61, 44, 0.00, 0.0, 0
2018-10-31, 61, 34, 0.00, 0.0, 0
2018-11-01, 62, 27, T, 0.0, 0
2018-11-02, 53, 43, 0.01, 0.0, 0
2018-11-03, 50, 42, 0.12, 0.0, 0
2018-11-04, 47, 34, 0.00, 0.0, 0
2018-11-05, 53, 39, 0.20, 0.0, 0
2018-11-06, 50, 25, 0.00, 0.0, 0
2018-11-07, 41, 21, 0.00, 0.0, 0
2018-11-08, 32, 21, 0.06, 0.7, 0
2018-11-09, 31, 11, 0.01, 0.3, T
2018-11-10, 32, 9, 0.00, 0.0, T
2018-11-11, 44, 18, 0.00, 0.0, T
2018-11-12, 27, 10, T, T, 0
2018-11-13, 41, 9, 0.00, 0.0, T
2018-11-14, 49, 18, 0.00, 0.0, 0
2018-11-15, 63, 23, 0.00, 0.0, 0
2018-11-16, 58, 24, 0.00, 0.0, 0
2018-11-17, 46, 21, 0.12, 2.6, 0
2018-11-18, 30, 6, 0.00, 0.0, 2
2018-11-19, 44, 21, 0.00, 0.0, 1
2018-11-20, 54, 19, 0.00, 0.0, 0
2018-11-21, 60, 24, 0.00, 0.0, 0
2018-11-22, 62, 26, 0.00, 0.0, 0
2018-11-23, 59, 33, T, 0.0, 0
2018-11-24, 54, 28, 0.01, 0.0, 0
2018-11-25, 37, 21, 0.30, 3.6, 1
2018-11-26, 29, 16, 0.00, 0.0, 3
2018-11-27, 26, 8, 0.00, 0.0, 1
2018-11-28, 34, 23, 0.00, 0.0, 1
2018-11-29, 39, 21, 0.01, 0.0, 1
2018-11-30, 39, 28, 0.35, 0.0, 0
2018-12-01, 39, 32, 1.25, T, T
2018-12-02, 33, 25, 0.25, 3.0, 2
2018-12-03, 26, 23, T, T, 3
2018-12-04, 32, 22, T, T, 3
2018-12-05, 37, 16, 0.00, 0.0, 3
2018-12-06, 30, 20, 0.00, 0.0, 1
2018-12-07, 33, 15, 0.00, 0.0, 1
2018-12-08, 32, 10, 0.00, 0.0, 1
2018-12-09, 36, 13, 0.00, 0.0, 1
2018-12-10, 37, 9, 0.00, 0.0, 1
2018-12-11, 41, 23, 0.00, 0.0, 1
2018-12-12, 48, 22, 0.00, 0.0, 1
2018-12-13, 41, 21, 0.00, 0.0, T
2018-12-14, 50, 15, 0.00, 0.0, 0
2018-12-15, 51, 19, 0.00, 0.0, 0
2018-12-16, 56, 22, 0.00, 0.0, 0
2018-12-17, 54, 19, 0.00, 0.0, 0
2018-12-18, 53, 28, 0.00, 0.0, 0
2018-12-19, 52, 32, T, 0.0, 0
2018-12-20, 48, 27, 0.00, 0.0, 0
2018-12-21, 48, 19, 0.00, 0.0, 0
2018-12-22, 47, 22, 0.00, 0.0, 0
2018-12-23, 46, 21, 0.00, 0.0, 0
2018-12-24, 42, 22, 0.00, 0.0, 0
2018-12-25, 42, 23, 0.00, 0.0, 0
2018-12-26, 46, 26, 0.96, 0.0, 0
2018-12-27, 47, 21, 0.74, 0.2, 0
2018-12-28, 21, 8, 0.12, 2.4, T
2018-12-29, 26, 4, 0.00, 0.0, 2
2018-12-30, 41, 23, 0.00, 0.0, 2
2018-12-31, 33, 11, T, T, 1
2019-01-01, 16, 4, 0.00, 0.0, 1
2019-01-02, 36, 16, 0.00, 0.0, 1
2019-01-03, 53, 18, 0.00, 0.0, 1
2019-01-04, 57, 22, 0.00, 0.0, 0
2019-01-05, 61, 26, 0.00, 0.0, 0
2019-01-06, 55, 32, 0.00, 0.0, 0
2019-01-07, 56, 38, T, 0.0, 0
2019-01-08, 48, 32, 0.00, 0.0, 0
2019-01-09, 36, 21, 0.00, 0.0, 0
2019-01-10, 44, 20, 0.00, 0.0, 0
2019-01-11, 38, 23, 0.19, 1.4, 0
2019-01-12, 32, 27, 0.29, 3.5, 4
2019-01-13, 33, 25, 0.00, 0.0, 4
2019-01-14, 33, 28, 0.00, 0.0, 3
2019-01-15, 33, 25, 0.00, 0.0, 3
2019-01-16, 30, 23, 0.02, 0.2, 3
2019-01-17, 33, 23, T, 0.1, 3
2019-01-18, 30, 14, T, T, 2
2019-01-19, 18, 7, T, T, 2
2019-01-20, 15, 7, T, T, 2
2019-01-21, 24, 13, T, T, 2
2019-01-22, 27, 17, 0.18, 2.9, 2
2019-01-23, 26, 6, 0.02, 1.0, 4
2019-01-24, 31, -7, T, T, 3
2019-01-25, 37, -8, 0.00, 0.0, 2
2019-01-26, 42, 17, T, T, 2
2019-01-27, 44, 20, T, T, 2
2019-01-28, 42, 12, T, T, T
2019-01-29, 20, -2, 0.00, 0.0, T
2019-01-30, 2, -9, 0.05, 0.6, T
2019-01-31, 23, 0, 0.00, 0.0, T
2019-02-01, 42, 10, 0.00, 0.0, T
2019-02-02, 47, 34, 0.00, 0.0, 0
2019-02-03, 58, 30, 0.00, 0.0, 0
2019-02-04, 30, 10, T, T, T
2019-02-05, 14, 8, T, T, 0
2019-02-06, 16, 8, 0.04, 1.2, T
2019-02-07, 13, 4, 0.02, 0.6, 2
2019-02-08, 20, -2, 0.00, 0.0, 2
2019-02-09, 35, 10, 0.00, 0.0, 1
2019-02-10, 32, 26, 0.10, 0.2, 1
2019-02-11, 28, 26, 0.09, 0.9, 1
2019-02-12, 34, 15, 0.00, 0.0, 1
2019-02-13, 43, 14, 0.00, 0.0, T
2019-02-14, 35, 11, 0.00, 0.0, 0
2019-02-15, 15, 8, 0.19, 2.6, 0
2019-02-16, 20, -1, 0.20, 3.6, 3
2019-02-17, 24, 14, 0.04, 1.0, 6
2019-02-18, 23, 6, 0.00, 0.0, 6
2019-02-19, 23, 3, 0.22, 4.4, 6
2019-02-20, 29, 9, 0.08, 0.7, 6
2019-02-21, 32, -4, 0.00, 0.0, 5
2019-02-22, 34, 11, 0.04, 0.0, 3
2019-02-23, 33, 23, 0.57, 8.0, 3
2019-02-24, 23, 0, 0.00, 0.0, 11
2019-02-25, 12, -7, 0.00, 0.0, 10
2019-02-26, 16, 1, T, T, 10
2019-02-27, 13, 3, T, T, 5
2019-02-28, 22, 4, 0.00, 0.0, 5
2019-03-01, 31, 8, 0.00, 0.0, 5
2019-03-02, 16, 8, 0.16, 2.0, 5
2019-03-03, 8, -6, T, T, 7
2019-03-04, 16, -9, 0.00, 0.0, 6
2019-03-05, 22, 6, 0.00, 0.0, 6
2019-03-06, 33, 0, 0.01, 0.3, 6
2019-03-07, 31, 24, 0.29, 4.0, 9
2019-03-08, 36, 10, T, T, 8
2019-03-09, 37, 30, 0.30, T, 6
2019-03-10, 39, 21, 0.00, 0.0, 4
2019-03-11, 43, 18, T, 0.0, 3
2019-03-12, 47, 36, 0.21, 0.0, 2
2019-03-13, 63, 39, 0.46, 0.0, 0
2019-03-14, 53, 34, 0.06, T, 0
2019-03-15, 47, 23, 0.00, 0.0, 0
2019-03-16, 55, 23, 0.00, 0.0, 0
2019-03-17, 49, 19, 0.00, 0.0, 0
2019-03-18, 49, 22, 0.00, 0.0, 0
2019-03-19, 45, 36, 0.42, 0.0, 0
2019-03-20, 60, 35, 0.00, 0.0, 0
2019-03-21, 59, 24, 0.00, 0.0, 0
2019-03-22, 65, 26, 0.00, 0.0, 0
2019-03-23, 56, 41, 0.20, 0.0, 0
2019-03-24, 50, 46, 0.13, 0.0, 0
2019-03-25, 53, 35, 0.00, 0.0, 0
2019-03-26, 68, 35, T, 0.0, 0
2019-03-27, 76, 47, 0.00, 0.0, 0
2019-03-28, 54, 43, 0.01, 0.0, 0
2019-03-29, 46, 34, 0.39, T, 0
2019-03-30, 45, 24, 0.01, T, 0
2019-03-31, 52, 18, 0.00, 0.0, 0
2019-04-01, 62, 33, 0.04, 0.0, 0
2019-04-02, 59, 33, T, 0.0, 0
2019-04-03, 55, 39, 0.03, 0.0, 0
2019-04-04, 66, 44, T, 0.0, 0
2019-04-05, 75, 43, 0.00, 0.0, 0
2019-04-06, 79, 53, 0.22, 0.0, 0
2019-04-07, 75, 48, T, 0.0, 0
2019-04-08, 81, 44, 0.00, 0.0, 0
2019-04-09, 75, 41, T, 0.0, 0
2019-04-10, 67, 42, 0.23, 0.0, 0
2019-04-11, 44, 32, T, T, 0
2019-04-12, 46, 30, 0.00, 0.0, 0
2019-04-13, 54, 25, 0.00, 0.0, 0
2019-04-14, 58, 24, 0.00, 0.0, 0
2019-04-15, 79, 43, 0.00, 0.0, 0
2019-04-16, 79, 43, 0.00, 0.0, 0
2019-04-17, 71, 47, T, 0.0, 0
2019-04-18, 66, 44, 0.00, 0.0, 0
2019-04-19, 68, 33, 0.00, 0.0, 0
2019-04-20, 87, 39, 0.00, 0.0, 0
2019-04-21, 86, 55, 0.12, 0.0, 0
2019-04-22, 65, 50, 0.04, 0.0, 0
2019-04-23, 69, 42, 0.00, 0.0, 0
2019-04-24, 78, 36, 0.00, 0.0, 0
2019-04-25, 74, 45, 0.05, 0.0, 0
2019-04-26, 69, 36, 0.12, 0.0, 0
2019-04-27, 60, 41, 0.18, 0.0, 0
2019-04-28, 58, 39, 0.01, 0.0, 0
2019-04-29, 63, 46, T, 0.0, 0
2019-04-30, 51, 44, 0.09, 0.0, 0
2019-05-01, 52, 44, 0.02, 0.0, 0
2019-05-02, 63, 36, T, 0.0, 0
2019-05-03, 67, 42, T, 0.0, 0
2019-05-04, 73, 43, 0.08, 0.0, 0
2019-05-05, 81, 51, 0.52, 0.0, 0
2019-05-06, 63, 47, 0.54, 0.0, 0
2019-05-07, 57, 45, 0.12, 0.0, 0
2019-05-08, 58, 41, 0.69, 0.0, 0
2019-05-09, 56, 40, T, 0.0, 0
2019-05-10, 63, 35, 0.00, 0.0, 0
2019-05-11, 66, 46, 0.26, 0.0, 0
2019-05-12, 65, 47, 0.07, 0.0, 0
2019-05-13, 74, 39, 0.00, 0.0, 0
2019-05-14, 85, 55, 0.07, 0.0, 0
2019-05-15, 85, 57, T, 0.0, 0
2019-05-16, 94, 65, 0.00, 0.0, 0
2019-05-17, 87, 69, 0.01, 0.0, 0
2019-05-18, 76, 58, 1.50, 0.0, 0
2019-05-19, 63, 50, T, 0.0, 0
2019-05-20, 51, 42, 0.06, 0.0, 0
2019-05-21, 55, 47, 0.50, 0.0, 0
2019-05-22, 69, 46, 0.00, 0.0, 0
2019-05-23, 68, 42, 0.77, 0.0, 0
2019-05-24, 78, 56, 0.10, 0.0, 0
2019-05-25, 82, 56, T, 0.0, 0
2019-05-26, 83, 55, 0.30, 0.0, 0
2019-05-27, 82, 60, 0.54, 0.0, 0
2019-05-28, 66, 55, 1.13, 0.0, 0
2019-05-29, 70, 58, 0.01, 0.0, 0
2019-05-30, 80, 57, T, 0.0, 0
2019-05-31, 83, 53, 0.00, 0.0, 0
2019-06-01, 84, 56, 0.00, 0.0, 0
2019-06-02, 80, 51, 0.00, 0.0, 0
2019-06-03, 77, 59, 1.09, 0.0, 0
2019-06-04, 88, 68, 0.28, 0.0, 0
2019-06-05, 91, 66, 0.00, 0.0, 0
2019-06-06, 89, 68, T, 0.0, 0
2019-06-07, 88, 62, 0.00, 0.0, 0
2019-06-08, 88, 64, 0.00, 0.0, 0
2019-06-09, 73, 57, 0.15, 0.0, 0
2019-06-10, 79, 47, 0.00, 0.0, 0
2019-06-11, 77, 57, 0.20, 0.0, 0
2019-06-12, 74, 50, T, 0.0, 0
2019-06-13, 81, 46, 0.00, 0.0, 0
2019-06-14, 85, 60, 0.33, 0.0, 0
2019-06-15, 86, 63, T, 0.0, 0
2019-06-16, 88, 59, 0.00, 0.0, 0
2019-06-17, 84, 61, 0.03, 0.0, 0
2019-06-18, 73, 63, 0.41, 0.0, 0
2019-06-19, 79, 59, T, 0.0, 0
2019-06-20, 87, 58, 0.01, 0.0, 0
2019-06-21, 83, 65, 1.01, 0.0, 0
2019-06-22, 84, 67, 0.10, 0.0, 0
2019-06-23, 78, 61, 0.37, 0.0, 0
2019-06-24, 83, 58, T, 0.0, 0
2019-06-25, 88, 63, 0.01, 0.0, 0
2019-06-26, 88, 65, 0.39, 0.0, 0
2019-06-27, 92, 73, 0.00, 0.0, 0
2019-06-28, 95, 76, 0.00, 0.0, 0
2019-06-29, 99, 74, 0.00, 0.0, 0
2019-06-30, 95, 75, 0.00, 0.0, 0
2019-07-01, 92, 73, 0.00, 0.0, 0
2019-07-02, 94, 72, 0.00, 0.0, 0
2019-07-03, 92, 72, 0.00, 0.0, 0
2019-07-04, 88, 72, T, 0.0, 0
2019-07-05, 83, 69, 0.11, 0.0, 0
2019-07-06, 85, 69, T, 0.0, 0
2019-07-07, 87, 63, 0.00, 0.0, 0
2019-07-08, 92, 67, T, 0.0, 0
2019-07-09, 91, 68, 0.30, 0.0, 0
2019-07-10, 87, 65, 0.01, 0.0, 0
2019-07-11, 88, 60, 0.00, 0.0, 0
2019-07-12, 92, 61, 0.00, 0.0, 0
2019-07-13, 90, 70, 0.02, 0.0, 0
2019-07-14, 93, 68, 0.00, 0.0, 0
2019-07-15, 92, 73, 0.00, 0.0, 0
2019-07-16, 91, 72, 0.33, 0.0, 0
2019-07-17, 99, 77, 0.00, 0.0, 0
2019-07-18, 98, 80, 0.00, 0.0, 0
2019-07-19, 99, 77, 0.00, 0.0, 0
2019-07-20, 97, 75, 0.00, 0.0, 0
2019-07-21, 77, 66, 3.26, 0.0, 0
2019-07-22, 80, 60, 0.00, 0.0, 0
2019-07-23, 80, 55, 0.00, 0.0, 0
2019-07-24, 82, 56, 0.00, 0.0, 0
2019-07-25, 84, 64, 0.01, 0.0, 0
2019-07-26, 89, 69, 0.00, 0.0, 0
2019-07-27, 90, 70, 0.00, 0.0, 0
2019-07-28, 80, 70, 0.04, 0.0, 0
2019-07-29, 88, 62, 0.00, 0.0, 0
2019-07-30, 84, 62, T, 0.0, 0
2019-07-31, 84, 68, T, 0.0, 0
2019-08-01, 86, 68, 0.00, 0.0, 0
2019-08-02, 77, 70, T, 0.0, 0
2019-08-03, 82, 68, 0.02, 0.0, 0
2019-08-04, 89, 66, 0.00, 0.0, 0
2019-08-05, 88, 68, 0.00, 0.0, 0
2019-08-06, 90, 66, 0.00, 0.0, 0
2019-08-07, 89, 67, 0.34, 0.0, 0
2019-08-08, 90, 68, 0.00, 0.0, 0
2019-08-09, 87, 67, 0.00, 0.0, 0
2019-08-10, 91, 71, T, 0.0, 0
2019-08-11, 87, 72, 0.46, 0.0, 0
2019-08-12, 90, 68, 0.52, 0.0, 0
2019-08-13, 89, 69, 0.00, 0.0, 0
2019-08-14, 81, 60, 0.00, 0.0, 0
2019-08-15, 76, 58, 0.56, 0.0, 0
2019-08-16, 85, 61, T, 0.0, 0
2019-08-17, 87, 68, 0.00, 0.0, 0
2019-08-18, 77, 64, 0.00, 0.0, 0
2019-08-19, 90, 62, 0.00, 0.0, 0
2019-08-20, 95, 77, 0.06, 0.0, 0
2019-08-21, 84, 64, 0.15, 0.0, 0
2019-08-22, 81, 63, 0.00, 0.0, 0
2019-08-23, 80, 67, 0.00, 0.0, 0
2019-08-24, 75, 67, 0.04, 0.0, 0
2019-08-25, 75, 66, 0.00, 0.0, 0
2019-08-26, 83, 61, 0.30, 0.0, 0
2019-08-27, 76, 58, 0.00, 0.0, 0
2019-08-28, 84, 51, 0.00, 0.0, 0
2019-08-29, 90, 67, 0.00, 0.0, 0
2019-08-30, 76, 62, 0.17, 0.0, 0
2019-08-31, 76, 61, 0.17, 0.0, 0
2019-09-01, 82, 57, 0.00, 0.0, 0
2019-09-02, 90, 65, 0.00, 0.0, 0
2019-09-03, 89, 62, T, 0.0, 0
2019-09-04, 80, 54, 0.00, 0.0, 0
2019-09-05, 94, 65, 0.00, 0.0, 0
2019-09-06, 84, 63, T, 0.0, 0
2019-09-07, 79, 60, 0.12, 0.0, 0
2019-09-08, 78, 64, 0.00, 0.0, 0
2019-09-09, 82, 70, 0.06, 0.0, 0
2019-09-10, 91, 70, T, 0.0, 0
2019-09-11, 92, 70, T, 0.0, 0
2019-09-12, 81, 64, 0.01, 0.0, 0
2019-09-13, 84, 55, 0.00, 0.0, 0
2019-09-14, 88, 61, 0.00, 0.0, 0
2019-09-15, 94, 62, 0.00, 0.0, 0
2019-09-16, 93, 67, 0.00, 0.0, 0
2019-09-17, 94, 73, 0.00, 0.0, 0
2019-09-18, 93, 73, 0.00, 0.0, 0
2019-09-19, 91, 66, 0.19, 0.0, 0
2019-09-20, 89, 70, T, 0.0, 0
2019-09-21, 86, 67, 1.39, 0.0, 0
2019-09-22, 77, 55, 1.15, 0.0, 0
2019-09-23, 84, 52, 0.00, 0.0, 0
2019-09-24, 86, 62, 0.08, 0.0, 0
2019-09-25, 78, 51, 0.00, 0.0, 0
2019-09-26, 77, 48, 0.00, 0.0, 0
2019-09-27, 77, 60, 0.06, 0.0, 0
2019-09-28, 68, 49, 0.01, 0.0, 0
2019-09-29, 79, 63, 0.33, 0.0, 0
2019-09-30, 92, 74, 0.00, 0.0, 0
2019-10-01, 77, 53, 2.83, 0.0, 0
2019-10-02, 57, 49, 0.11, 0.0, 0
2019-10-03, 63, 43, T, 0.0, 0
2019-10-04, 57, 43, 0.10, 0.0, 0
2019-10-05, 69, 42, 0.54, 0.0, 0
2019-10-06, 69, 41, 0.00, 0.0, 0
2019-10-07, 74, 37, 0.00, 0.0, 0
2019-10-08, 74, 45, 0.00, 0.0, 0
2019-10-09, 72, 56, 0.10, 0.0, 0
2019-10-10, 59, 37, 0.82, 0.0, 0
2019-10-11, 44, 30, 0.00, 0.0, 0
2019-10-12, 62, 28, 0.00, 0.0, 0
2019-10-13, 63, 27, 0.00, 0.0, 0
2019-10-14, 76, 28, 0.00, 0.0, 0
2019-10-15, 61, 45, 0.00, 0.0, 0
2019-10-16, 58, 37, 0.00, 0.0, 0
2019-10-17, 72, 38, 0.00, 0.0, 0
2019-10-18, 79, 53, 0.00, 0.0, 0
2019-10-19, 70, 46, 0.11, 0.0, 0
2019-10-20, 64, 44, T, 0.0, 0
2019-10-21, 55, 42, 0.01, 0.0, 0
2019-10-22, 61, 41, 0.00, 0.0, 0
2019-10-23, 63, 39, 0.01, 0.0, 0
2019-10-24, 50, 26, 0.00, 0.0, 0
2019-10-25, 58, 25, 0.00, 0.0, 0
2019-10-26, 62, 27, 0.00, 0.0, 0
2019-10-27, 48, 34, 0.00, 0.0, 0
2019-10-28, 38, 24, 0.05, 0.5, 0
2019-10-29, 38, 22, 0.00, 0.0, 0
2019-10-30, 34, 26, 0.01, 0.2, 0
2019-10-31, 45, 18, 0.00, 0.0, 0
2019-11-01, 52, 25, T, 0.0, 0
2019-11-02, 53, 25, 0.00, 0.0, 0
2019-11-03, 54, 26, 0.00, 0.0, 0
2019-11-04, 51, 34, 0.00, 0.0, 0
2019-11-05, 52, 28, T, 0.0, 0
2019-11-06, 44, 24, 0.00, 0.0, 0
2019-11-07, 36, 14, 0.00, 0.0, 0
2019-11-08, 50, 18, 0.00, 0.0, 0
2019-11-09, 74, 29, 0.00, 0.0, 0
2019-11-10, 48, 24, T, T, 0
2019-11-11, 24, 4, 0.02, 0.5, 1
2019-11-12, 31, 2, 0.00, 0.0, T
2019-11-13, 47, 20, 0.00, 0.0, T
2019-11-14, 50, 22, 0.00, 0.0, 0
2019-11-15, 61, 23, 0.00, 0.0, 0
2019-11-16, 62, 37, 0.00, 0.0, 0
2019-11-17, 55, 29, 0.00, 0.0, 0
2019-11-18, 68, 31, T, 0.0, 0
2019-11-19, 65, 31, 0.00, 0.0, 0
2019-11-20, 67, 46, 0.37, 0.0, 0
2019-11-21, 46, 30, T, 0.0, 0
2019-11-22, 35, 18, 0.00, 0.0, 0
2019-11-23, 51, 24, 0.00, 0.0, 0
2019-11-24, 63, 28, 0.00, 0.0, 0
2019-11-25, 56, 30, 0.00, 0.0, 0
2019-11-26, 35, 25, 0.26, 0.9, 0
2019-11-27, 34, 22, 0.02, T, 1
2019-11-28, 32, 23, 0.04, 0.3, 1
2019-11-29, 37, 32, 0.05, 0.0, 0
2019-11-30, 50, 34, 0.03, T, 0
2019-12-01, 35, 25, T, T, 0
2019-12-02, 44, 16, 0.00, 0.0, 0
2019-12-03, 56, 26, 0.00, 0.0, 0
2019-12-04, 57, 27, 0.00, 0.0, 0
2019-12-05, 60, 22, 0.00, 0.0, 0
2019-12-06, 40, 24, 0.00, 0.0, 0
2019-12-07, 54, 23, 0.00, 0.0, 0
2019-12-08, 52, 30, 0.00, 0.0, 0
2019-12-09, 40, 12, 0.01, 0.4, T
2019-12-10, 26, 13, 0.00, 0.0, T
2019-12-11, 37, 16, 0.00, 0.0, 0
2019-12-12, 43, 22, 0.00, 0.0, T
2019-12-13, 43, 22, T, 0.0, 0
2019-12-14, 32, 19, 0.00, 0.0, 0
2019-12-15, 21, 17, 0.11, 1.4, T
2019-12-16, 27, 10, T, 0.0, 0
2019-12-17, 36, 9, 0.00, 0.0, 0
2019-12-18, 43, 12, 0.00, 0.0, 0
2019-12-19, 51, 20, 0.00, 0.0, 0
2019-12-20, 49, 18, 0.00, 0.0, 0
2019-12-21, 55, 16, 0.00, 0.0, 0
2019-12-22, 58, 31, 0.00, 0.0, 0
2019-12-23, 56, 26, 0.00, 0.0, 0
2019-12-24, 53, 26, 0.00, 0.0, 0
2019-12-25, 53, 28, 0.00, 0.0, 0
2019-12-26, 39, 18, 0.00, 0.0, 0
2019-12-27, 42, 16, 0.33, M, 0
2019-12-28, 44, 35, 2.12, M, 0
2019-12-29, 38, 26, T, T, 0
2019-12-30, 32, 27, T, T, T
2019-12-31, 41, 23, 0.00, 0.0, 0
2020-01-01, 47, 22, 0.00, 0.0, 0
2020-01-02, 44, 23, 0.00, 0.0, 0
2020-01-03, 43, 21, 0.00, 0.0, 0
2020-01-04, 46, 18, 0.00, 0.0, 0
2020-01-05, 49, 22, 0.00, 0.0, 0
2020-01-06, 46, 19, 0.00, 0.0, 0
2020-01-07, 51, 23, 0.00, 0.0, 0
2020-01-08, 44, 22, 0.00, 0.0, 0
2020-01-09, 48, 27, 0.00, 0.0, 0
2020-01-10, 28, 12, 0.01, 0.5, 0
2020-01-11, 27, 6, 0.00, 0.0, 1
2020-01-12, 24, 11, 0.03, 0.3, 1
2020-01-13, 34, 22, 0.00, 0.0, T
2020-01-14, 33, 18, T, M, 0
2020-01-15, 32, 5, 0.00, 0.0, T
2020-01-16, 17, 1, 0.00, 0.0, T
2020-01-17, 34, 15, 0.33, 1.8, 1
2020-01-18, 36, 9, T, T, T
2020-01-19, 14, 3, 0.00, 0.0, T
2020-01-20, 11, 1, 0.00, 0.0, T
2020-01-21, 33, -3, 0.11, T, T
2020-01-22, 35, 33, 0.41, 0.6, 1
2020-01-23, 35, 29, 0.32, 1.4, 2
2020-01-24, M, M, M, M, M
